<?xml version="1.0" encoding="UTF-8"?>
<project-private xmlns="http://www.netbeans.org/ns/project-private/1">
    <editor-bookmarks xmlns="http://www.netbeans.org/ns/editor-bookmarks/2" lastBookmarkId="0"/>
    <open-files xmlns="http://www.netbeans.org/ns/projectui-open-files/2">
        <group>
            <file>file:/I:/IUB/CSE213_oop/New_semester/Git/CSE213_Project_Land_Registration/MS3_2_1910279_Land_v1/src/mainpkg/SellerScenes/Seller_AddPropertySceneController.java</file>
            <file>file:/I:/IUB/CSE213_oop/New_semester/Git/CSE213_Project_Land_Registration/MS3_2_1910279_Land_v1/src/mainpkg/SignUpSceneController.java</file>
            <file>file:/I:/IUB/CSE213_oop/New_semester/Git/CSE213_Project_Land_Registration/MS3_2_1910279_Land_v1/src/mainpkg/PropertyList.java</file>
            <file>file:/I:/IUB/CSE213_oop/New_semester/Git/CSE213_Project_Land_Registration/MS3_2_1910279_Land_v1/src/mainpkg/HomeSceneController.java</file>
            <file>file:/I:/IUB/CSE213_oop/New_semester/Git/CSE213_Project_Land_Registration/MS3_2_1910279_Land_v1/src/mainpkg/BuyerScenes/Buyer_SearchPropertyController.java</file>
        </group>
    </open-files>
</project-private>
